aootype,expend,charity_count,subsidiary_count,income
A,6407892058.901368,17610,21451,6581009380.093157
B,1944924405.0164373,51675,61223,2089968349.5726042
D,5724472283.893154,5431,6951,5766730489.520547
